{"c": [-1e-05, -1e-05, -1e-05, -1e-05, -1e-05, -1e-05, -1e-05, -1e-05, -1e-05, -1e-05, -1e-05, -1e-05, -1e-05, -1e-05, -1e-05, -1e-05, -1e-05, -1e-05, -1e-05, -1e-05, -1e-05, -1e-05, -1e-05, -1e-05, -1e-05, -1e-05, -1e-05, -1e-05, -1e-05, -1e-05, -1e-05, -1e-05, -1e-05, -1e-05, -1e-05, -1e-05, -1e-05, -1e-05, -1e-05, -1e-05, -1e-05, -1e-05, -1e-05, -1e-05, -1e-05, -1e-05, -1e-05, -1e-05, -1e-05, -1e-05, -1e-05, -1e-05, -1e-05, -1e-05, -1e-05, -1e-05, -1e-05, -1e-05, -1e-05, -1e-05, -1e-05, -1e-05, -1e-05, -1e-05, -1e-05, -1e-05, -1e-05, -1e-05, -1e-05, -1e-05, -1e-05, -1e-05, -1e-05, -1e-05, -1e-05, -1e-05, -1e-05, -1e-05, -1e-05, -1e-05, -1e-05, -1e-05, -1e-05, -1e-05, -1e-05, -1e-05, -1e-05, -1e-05, -1e-05, -1e-05, -1e-05, -1e-05, -1e-05, -1e-05, -1e-05, -1e-05, -1e-05, -1e-05, -1e-05, -1e-05, -1e-05, -1e-05, -1e-05, -1e-05, -1e-05, -1e-05, -1e-05, -1e-05, -1e-05, -1e-05, -1e-05, -1e-05, -1e-05, -1e-05, -1e-05, -1e-05, -1e-05, -1e-05, -1e-05, -1e-05, -1e-05, -1e-05, -1e-05, -1e-05, -1e-05, -1e-05, -1e-05, -1e-05, -1e-05, -1e-05, -1e-05, -1e-05, -1e-05, -1e-05, -1e-05, -1e-05, -1e-05, -1e-05, -1e-05, -1e-05, -1e-05, -1e-05, -1e-05, -1e-05, -1e-05, -1e-05, -1e-05, -1e-05, -1e-05, -1e-05, -1.0], "G_ub": [[1.0, 1.0, 1.0, 1.0, 1.0, 1.0, 1.0, 1.0, 1.0, 1.0, 1.0, 1.0, 1.0, 1.0, 1.0, 1.0, 1.0, 1.0, 1.0, 1.0, 1.0, 1.0, 1.0, 1.0, 1.0, 1.0, 1.0, 1.0, 1.0, 1.0, 1.0, 1.0, 1.0, 1.0, 1.0, 1.0, 1.0, 1.0, 1.0, 1.0, 1.0, 1.0, 1.0, 1.0, 1.0, 1.0, 1.0, 1.0, 1.0, 1.0, 1.0, 1.0, 1.0, 1.0, 1.0, 1.0, 1.0, 1.0, 1.0, 1.0, 1.0, 1.0, 1.0, 1.0, 1.0, 1.0, 1.0, 1.0, 1.0, 1.0, 1.0, 1.0, 1.0, 1.0, 1.0, 1.0, 1.0, 1.0, 1.0, 1.0, 1.0, 1.0, 1.0, 1.0, 1.0, 1.0, 1.0, 1.0, 1.0, 1.0, 1.0, 1.0, 1.0, 1.0, 1.0, 1.0, 1.0, 1.0, 1.0, 1.0, 1.0, 1.0, 1.0, 1.0, 1.0, 1.0, 1.0, 1.0, 1.0, 1.0, 1.0, 1.0, 1.0, 1.0, 1.0, 1.0, 1.0, 1.0, 1.0, 1.0, 1.0, 1.0, 1.0, 1.0, 1.0, 1.0, 1.0, 1.0, 1.0, 1.0, 1.0, 1.0, 1.0, 1.0, 1.0, 1.0, 1.0, 1.0, 1.0, 1.0, 1.0, 1.0, 1.0, 1.0, 1.0, 1.0, 1.0, 1.0, 1.0, 1.0, 0.0], [-3857.5340376, -125.76760563, -7165.7769953, -2876.0, -9723.0, -7310.0, -1529.0, -1585.0, -2949.0, -7097.0, -1239.0, -6449.0, -4596.07277, -8037.0, -7123.0, -8067.0, -5704.0, -1582.0, -8713.0, -9232.0, -3371.0, -2637.0, -7131.0, -418.3028169, -3647.0, -5688.4859155, -7832.5997653, -4409.1255869, -1053.0, -2869.0, -5410.0, -3948.0, -6049.0, -9317.0, -6880.0, -3779.0, -3641.0, -5567.0, -2197.0, -2842.0, -4846.0, -4616.0, -8807.0, -3261.0, -3553.0, -5239.0, -6665.0, -3257.4906103, -7219.556338, -2536.0, -8013.0, -3541.0, -8080.0, -5593.0586854, -5036.0, -1782.0, -3895.0, -4205.0, -7772.0, -9326.0, -4757.0, -5355.0, -1919.0, -7510.5774648, -7341.0, -8541.0, -8352.0, -3291.0, -7328.0, -4506.0, -4429.0, -4593.0, -9138.0, -3731.7664319, -5124.2922535, -4378.0, -3647.0, -3795.0, -2912.0, -8830.0, -5445.0, 0.0, -6112.0, -8841.0, -1236.0, -7010.0, -2909.0, -7622.0, -7393.0, -8317.6971831, -1950.0, -4654.0, -2255.0, -7104.0, -7534.7887324, -2054.0, -6682.0, -3234.0, -2842.0, -3974.0, -3624.0, -5415.0, -2246.0, -8590.0, -2633.0, -4655.0, -2923.0, -6318.0, -7440.0, -4579.0, -8342.0, -3813.4002347, -6268.0, -8570.0, -9838.0, -4876.0, -418.3028169, -4922.0, -3590.0, -7152.0, -7056.0, -9136.0, -7850.0, -6863.0, -9356.0, -2933.0, -2665.0, -4063.0, -7502.0, -1966.0, -4540.0, -1370.0, -9828.0, -9376.0, -3856.6326291, -1996.0, -5320.0, -3107.4788732, -1645.0, -2890.0046948, -4920.0, -8107.0, -6103.0, -4970.0, -1582.0, -6146.0, -6295.0, -8177.0, -5339.0, -9936.0, -1.0], [-4264.0, -5339.0, -5997.5298448, -2876.0, 0.0, -7310.0, -1529.0, -1585.0, -2949.0, -4194.6948608, -1239.0, -9402.0, -8025.0, -8037.0, -7123.0, -4956.3455567, -5704.0, -1582.0, 0.0, 0.0, -4450.6085385, -2637.0, -2834.0627677, -6800.7326017, -3647.0, -5067.3705835, -9897.0, -5880.0, -1053.0, -2869.0, -5410.0, -3948.0, -6049.0, 0.0, -6880.0, -3779.0, -3641.0, -4989.1615364, -2197.0, -2842.0, -4846.0, -4616.0, 0.0, -3261.0, -3553.0, -5239.0, -6665.0, -6513.6694995, -6513.6694995, -2536.0, -5762.0, -3541.0, -8080.0, -6767.0, -5036.0, -1782.0, -3895.0, -4205.0, -7772.0, 0.0, -4757.0, -5355.0, -1919.0, -7988.4333512, -7341.0, -8541.0, -8352.0, -3291.0, -7328.0, -4506.0, -4429.0, -4593.0, 0.0, -6465.6610011, -5806.8664347, -4378.0, -3647.0, -1395.1358405, -2912.0, 0.0, -5445.0, 0.0, -6112.0, 0.0, -1236.0, -7010.0, -2909.0, -7622.0, -6594.385439, -8830.0, -1950.0, -4654.0, -2255.0, -7104.0, -7744.0, -2054.0, -6682.0, -3234.0, -2842.0, -3974.0, -3624.0, -5415.0, -1997.6085385, -8590.0, -2373.137781, -4655.0, -2923.0, -6318.0, -7440.0, -4579.0, -8342.0, -5050.0, -6268.0, -8570.0, 0.0, -4876.0, -6800.7326017, -4922.0, -3590.0, -7152.0, -7056.0, 0.0, -7850.0, -6863.0, 0.0, -2933.0, -2665.0, -4063.0, -7194.4958512, -1966.0, -4540.0, -1370.0, 0.0, 0.0, -699.33050054, -1996.0, -5320.0, -2686.2422377, -1645.0, -2194.0980996, -4920.0, -8107.0, -6103.0, -4970.0, -1582.0, -6007.6066649, -6295.0, -4739.5, -3384.6358405, 0.0, -1.0], [-4264.0, -5339.0, -4020.0, -2876.0, 0.0, -7310.0, -1529.0, -1585.0, -2949.0, -7097.0, -1239.0, -5213.0, -5205.5725555, 0.0, -3447.1997813, -5187.6249609, -5704.0, -1506.6047419, -8713.0, -9232.0, -4600.0, -2637.0, -3022.4184269, -1444.7264377, -3647.0, -8494.0, 0.0, -4579.0, -1053.0, -2869.0, -5410.0, -3948.0, -6049.0, -9317.0, -179.5, -3779.0, -3641.0, -5567.0, -2197.0, -2842.0, -4846.0, -4616.0, -8807.0, -3261.0, -3553.0, -5239.0, -6665.0, -8172.0, -8425.0, -2536.0, 0.0, -3541.0, 0.0, -4966.4377418, -5036.0, -1782.0, -3895.0, -4205.0, -7772.0, -6887.3290528, -1337.1303919, -5355.0, -1919.0, -6185.1233268, -7341.0, 0.0, 0.0, -3291.0, -7328.0, -4506.0, -4429.0, -2038.6351681, -6121.179313, -6197.801258, -1698.801258, -2279.4274445, -3647.0, -3795.0, -2912.0, -8830.0, -5445.0, 0.0, -4478.7723368, -8841.0, -1236.0, -7010.0, -2909.0, -7622.0, -1997.1997813, 0.0, -179.5, -4654.0, -2255.0, -7104.0, -7744.0, -2054.0, -6682.0, -3234.0, -2842.0, -3974.0, -3624.0, -5415.0, -2246.0, 0.0, -2633.0, -4655.0, -2923.0, -6318.0, -7440.0, -4579.0, 0.0, -5050.0, -5050.0, 0.0, 0.0, -4876.0, -1444.7264377, -4922.0, -3590.0, -7152.0, -805.0, -9136.0, -4655.0, -6863.0, -6006.1685651, -2933.0, -2665.0, -4063.0, -7502.0, -1966.0, -4540.0, -1370.0, 0.0, -9376.0, -6443.0, -1996.0, -5320.0, -190.29012568, -1645.0, -1966.0, -4276.6272259, 0.0, -6103.0, -4970.0, -1582.0, -6146.0, -6295.0, -8177.0, -8742.0, 0.0, -1.0], [-4264.0, -5339.0, -2551.0705817, -2876.0, -9723.0, -7310.0, -1529.0, -1585.0, -2949.0, -7097.0, -1239.0, -5460.1237005, -6988.5590257, -8037.0, -7123.0, -8067.0, -5704.0, -1582.0, -4132.4582009, 0.0, -4035.0, -2637.0, -5161.2867944, -4438.6399605, -3647.0, -4130.3600395, -9897.0, -5880.0, -1053.0, -2869.0, -4453.0, -3948.0, -6049.0, 0.0, -1950.0, -3779.0, -3641.0, -5567.0, -2197.0, -2842.0, -4846.0, -4616.0, -8807.0, -3261.0, -3553.0, -5239.0, -6665.0, 0.0, 0.0, -2536.0, -5175.6917691, -3541.0, -8080.0, -2857.9555159, -5036.0, -1782.0, -3895.0, -4205.0, 0.0, -2548.0705817, -1766.2736704, -5355.0, -1919.0, 0.0, -7341.0, 0.0, -8352.0, -3291.0, -7328.0, -4506.0, -4429.0, -4593.0, -8484.0, -6175.543002, -2921.3990893, -4378.0, -3647.0, -3795.0, -2912.0, -2505.1281467, -5445.0, 0.0, -6112.0, -8841.0, -1236.0, -7010.0, -2909.0, 0.0, -6110.5626987, 0.0, -1950.0, -4654.0, -2255.0, -7104.0, 0.0, -2054.0, -2501.4582009, -3234.0, -2842.0, -3974.0, -3624.0, -5415.0, -1582.0, 0.0, -2633.0, -4655.0, -2923.0, -6318.0, 0.0, -4579.0, -8342.0, -1365.1296074, -6268.0, 0.0, -7799.0, -4876.0, -4438.6399605, -4922.0, -3590.0, -7152.0, -7056.0, 0.0, -4655.0, -6863.0, -9356.0, -2933.0, -2665.0, -4063.0, 0.0, -1966.0, -4540.0, -1370.0, -9828.0, 0.0, -2459.7239454, -1996.0, -5320.0, 0.0, -1645.0, -234.37039265, -4920.0, -8107.0, -2850.6425595, -4970.0, -1582.0, -6146.0, -6295.0, 0.0, -3373.0, -9936.0, -1.0], [-4264.0, -4264.0, -7749.0, -2876.0, -9723.0, 0.0, -1529.0, -1585.0, -2949.0, -5307.6683033, -1239.0, -4623.3631424, -5095.7938067, -8037.0, -7123.0, -8067.0, -5704.0, -1582.0, -6570.524825, -9232.0, -4035.0, -2637.0, -5112.4181569, -4376.4583031, -3647.0, -6202.6957438, 0.0, -5880.0, 