{"c": [303.489755, 272.409514, 358.846725, 358.315745, 415.407189, 339.701946, 208.482676, 338.622726, 346.203931, 398.146472, 411.188546, 199.459763, 275.07895, 265.883015, -12.354713288, 337.180469, 263.20936, 343.050153, 123.953578, 402.453281, 349.700812, 328.216458, 260.230071, 204.574018, 386.279747, 200.633117, 388.727082, 166.817163], "G_ub": [[-0.77979218, -1.39697492, 0.427548714, 0.1967786348, 1.5303150925, 0.2703896839, -3.05592371, 0.5320137255, 0.0908429011, 1.6959921182, 1.4179320991, -2.87232339, -1.72209475, -2.02038609, -7.92120342, -0.34334149, -1.80127975, 0.2212079468, -4.31815756, 1.5847015139, -0.43469994, -0.37265484, -1.06586094, -2.81686071, 1.4000618017, -3.13214621, 1.588828369, -4.3440296], [12.559203769, 11.629092936, 13.818551327, 13.746840456, 15.230174313, 13.021538834, 10.482419563, 13.041508509, 13.547035659, 14.639941767, 14.864448927, 10.114482776, 11.650029709, 11.337787986, 5.7013180515, 12.903872067, 11.334836413, 13.16535439, 8.6510918211, 14.645172304, 13.576803911, 12.746225991, 11.638108352, 10.240169402, 14.899555816, 10.978078157, 14.554046892, 9.7440584329], [12.135846128, 11.502673248, 13.243668371, 13.147181465, 14.704938239, 12.980109559, 10.481589756, 12.999081864, 12.797611189, 14.10115956, 14.502763286, 9.8255731349, 11.790553083, 11.441247926, 4.8629925073, 12.928204738, 11.238110735, 13.447778473, 8.2097974967, 14.503479453, 13.180577875, 12.880007445, 11.019238571, 10.019078811, 14.141179169, 9.277802566, 13.947042274, 9.4607437816], [-1.66917053, -3.10403298, -0.47793171, -0.89901375, 0.1310248064, -1.19391537, -4.46113205, -1.35233107, -1.58688335, 0.6376624107, -0.3106741, -3.49589599, -2.9647271, -2.60784721, -8.0063845, -0.66123315, -2.19133606, -1.44793871, -6.15381598, 0.1442886836, -1.13292712, -1.92524782, -2.49471634, -3.69514644, -0.053616805, -4.63249372, -0.1105272, -5.72182617], [-1.22445534, -3.31857413, -0.18323238, -0.84581205, 0.4408062612, -0.79838596, -4.13665515, -1.42283048, -1.32770987, 0.171567846, 0.7965722428, -4.18179913, -2.94378769, -2.66939809, -8.70919873, -1.66917303, -2.33479247, -1.03047103, -5.69925406, 0.0976911797, -1.63258189, -1.26495109, -3.24253771, -4.23927433, -0.091113898, -4.47338847, -0.26565574, -5.29384312], [-1.4657985, -2.18217874, -0.50462111, -0.96031521, 0.4178516197, -1.32652642, -4.38476502, -1.29089245, -0.54611144, 0.8255586077, 0.6450332976, -4.02688886, -1.79636374, -2.24894525, -8.3463738, -1.1999056, -2.6612934, -1.35322085, -6.25688462, 0.462107166, -0.81007956, -0.71916267, -2.58607104, -3.64228637, 0.288543475, -4.44964478, 0.0904654327, -5.00906337], [-1.66845965, -2.33245277, -0.22336053, -0.35948998, 0.1895980459, -0.81812229, -3.83509963, -1.21261534, -0.98898842, 1.1000974421, 0.3838540599, -4.32208081, -2.14983578, -2.40653623, -8.72199024, -0.77526198, -1.95229595, -1.17419899, -5.43692745, 0.4045119719, -0.52382363, -0.54724408, -1.96703408, -3.82365341, -0.15470885, -4.98289417, 0.5653098956, -5.35022487], [-0.87676996, -2.80938616, -0.80744593, -0.73403254, 0.3438238003, -1.57787733, -4.0308519, -0.71284691, -0.40930009, -0.20088169, 0.1566885123, -4.26772154, -2.91383412, -3.17332784, -8.18065478, -1.4011972, -2.96901336, -1.38914402, -5.91878817, 0.0861015657, -1.64809227, -1.27886114, -2.13907897, -4.04957117, 0.9200635385, -4.11576534, -0.023079688, -5.00844901], [-0.70148595, -1.88133458, 0.2129653193, 0.7328194601, 1.3644970199, -0.56988079, -3.53557181, -0.71002155, -0.64741999, 1.0575059269, 0.6961338826, -3.37660714, -1.90568975, -1.71182091, -7.69920445, -0.54696359, -2.08039599, -0.62946042, -5.34615388, 0.9229203418, -0.17561218, -0.34015859, -2.01335456, -3.27441387, 1.2083231454, -3.17702981, 0.1388292527, -5.01482401], [0.1353563164, -0.95243798, 0.7956741919, 1.1283414418, 2.4952013742, 0.610241139, -1.82949358, 1.3706589414, 1.1315063872, 2.891014772, 2.3595866788, -2.07202506, -0.24468238, -0.67506269, -6.29049662, 1.2677522107, -0.14351636, 1.4996835667, -3.42088617, 2.3422806095, 0.6173501599, 0.4517211235, -0.30907639, -2.42298905, 2.4174358781, -2.31821861, 2.0002708874, -2.99554196], [-1.31734947, -2.08403504, -0.083027602, 0.69820258, 1.505610145, 0.410525854, -3.32516964, -0.046107257, -0.12052808, 0.9351166729, 0.929572829, -2.68965719, -1.56105343, -1.91724236, -7.49093688, -0.18234176, -2.35140665, -0.39085976, -5.31356696, 0.9154186136, -0.4238755, -1.1653255, -2.1841364, -3.08244765, 1.6171940892, -2.93520448, 1.0417804485, -3.84071687], [-0.16684034, -1.37542476, 0.4902277983, 0.1924043048, 1.4724870319, 0.2919075379, -2.49882033, 0.754579542, -0.039148731, 1.1918094282, 2.1265304318, -2.75821847, -1.01354388, -1.14105136, -7.44699517, 0.7203016539, -1.45429274, 0.0077255636, -4.5035682, 1.6321328725, -0.07826014, 0.6264630657, -1.35866272, -3.40867761, 1.7860821008, -3.0254843, 0.8592783732, -3.49351067], [3.0003845962, 3.4164169618, 4.3072099508, 4.9174985994, 5.944540312, 4.8675978105, 0.9449014116, 4.0627300098, 4.1891993521, 5.609752148, 6.097322519, 1.144823709, 2.7731706056, 3.1142343115, -3.5739322, 4.4894950394, 2.6479856218, 4.5938056123, -0.12889002, 5.8220648872, 4.3119443457, 3.9894056557, 2.2700555625, 1.3019042535, 6.1867252636, 1.490399806, 5.8965484209, 0.4287232822], [6.3802362669, 6.0230409023, 8.1106380856, 8.016564304, 9.0982406869, 7.3160532559, 4.4371517288, 7.3908903087, 8.1664151183, 8.6032266908, 9.0668384218, 4.4400417934, 5.9947449346, 5.81190611, -0.29868933, 7.3815579262, 6.0679012519, 7.1906597413, 2.68952915, 8.4588288323, 8.0086383767, 6.8897455288, 5.2867104427, 4.7241052082, 9.0165878012, 4.1904701455, 8.0435325666, 3.2593158887], [-0.80894746, -2.34926565, -0.2439546, 0.0956342681, 1.0082480006, -0.32754468, -3.89167493, 0.220537691, -0.14263686, 1.3722715479, 1.5581764104, -3.80029546, -1.37710943, -1.85775585, -7.69688646, -0.53905983, -1.26457619, -0.9740809, -5.49106478, 1.2323588259, -0.25620415, -0.35742023, -2.20201941, -2.91155305, 1.1532832858, -3.24234104, 0.7770212066, -4.5828657], [-2.42472677, -3.46719174, -1.69665104, -0.88513128, -0.10140942, -1.32233437, -4.57641172, -1.48571473, -1.30731909, -0.29751991, 0.3447420212, -4.12815942, -3.13673012, -3.20446799, -9.26073183, -1.51433062, -2.92021801, -1.06765968, -6.18972718, -0.085839354, -1.13167912, -1.45664092, -2.89890053, -4.49285762, 0.1192529915, -5.1786788, -0.81806584, -5.77902285], [-0.5425381, -1.02708787, 1.1818032313, 0.6303181996, 2.521691191, 0.6149981162, -2.41131862, 0.7016913615, 0.6129293064, 2.0140818045, 1.6849270091, -1.95728498, -0.64180948, -1.21721637, -6.79560431, 1.2061873216, -0.75572918, 0.6603127515, -4.89877263, 1.7788220458, 1.3863976033, 0.4580384169, -0.55315717, -2.30161376, 1.9100515722, -2.69578415, 1.2253837986, -3.06439507], [-0.92715098, -2.12264198, -0.50285789, -0.19409435, 0.3147046024, -0.56857973, -3.28714866, -1.07464654, 0.167930872, 0.9751293584, 0.8485448429, -3.04205002, -2.23531338, -2.01067829, -8.18112875, -0.31658195, -2.2665506, -0.76826414, -4.53191195, 1.4795073637, -0.64814275, -0.5802914, -1.80131803, -3.8196321, 1.3171114268, -3.74312735, 0.3344339863, -4.22075574], [-1.6287898, -2.23706309, -0.25496055, -0.076830491, 0.3255594604, -0.76910774, -3.69065483, -0.72156623, -1.46020153, 0.9222278811, 0.0623092715, -3.61541066, -2.19506604, -2.52805395, -8.5169121, -0.42376981, -2.80332341, -0.9776459, -5.67147537, 1.2460886571, -0.65406517, -0.70083091, -2.09177373, -3.80016465, 0.034789129, -3.44406479, 0.3139704997, -4.58516515], [-1.4380909, -2.33256077, -0.0304578, 0.1520678471, 1.0192541865, -0.53150667, -3.62450045, -0.55500819, -0.35487634, 1.0900069508, 1.3181754279, -3.27624074, -1.64249716, -1.63515478, -8.25944223, -0.41091163, -2.03661561, -0.89508568, -5.42014627, 1.0167039224, -0.020320322, -0.75511053, -1.87164132, -2.90404527, 0.9811761023, -3.52823085, -0.018322563, -4.53389679], [-2.01652766, -2.85372504, -1.05944687, -0.90548773, 0.1839070004, -1.12946235, -4.14361049, -0.77436807, -1.4404726, 0.3101569794, 