{"c": [-15.3499201, 66.1019056, 17.8499217, 70.4837411, 75.8075679, 100.786116, -31.65903781, -13.916535739, 209.163136, 64.9378851, -0.0890383566, 14.9076479, -0.0261282666, 20.3000229, 16.8512505, 93.9193912, 100.253372, 113.889642, -14.910669569, 17.7972845, -19.71215114, 97.2467486, 6.37523571, 189.628589, 58.3638226, 134.907505, 3.53743289, 76.6403257, -1.8824587412], "G_ub": [[0.9162472414, 2.1305313306, 1.1855368781, 2.1550530193, 3.4720905966, 3.1114984127, -0.1856769, -0.49047741, 7.2141509487, 2.1895538918, 0.3960665133, 0.8624132205, 0.7375816782, 0.8891424483, 1.616197392, 2.283885561, 3.6773791923, 5.1227117333, 0.0951592263, -0.023929911, -0.67892419, 3.2692128489, 0.4713949513, 6.8766789024, 2.2195468312, 3.3966120877, 1.0940641579, 2.4093646868, 0.6925449499], [0.9096247492, 2.8045947548, 1.2251940348, 2.0914675105, 2.476887905, 4.3959235788, -0.10978379, 0.4366586988, 7.2496391599, 3.306222748, 1.3737057354, 1.3805475658, 0.3453212267, 1.3436271057, 1.9080783976, 3.3792332469, 3.1155783238, 5.3309357712, 0.204309198, 2.0041834272, 0.6899322527, 4.3206129932, 1.5851898511, 6.0963546642, 2.1890687693, 5.3056860265, 1.2008685623, 2.759747694, 1.1750011911], [-1.1080812, 2.2811315702, -0.18383992, 0.7511373534, 1.5003933488, 2.4105614345, -1.80712262, -1.63364197, 5.3501141356, 1.3935443337, -1.23985628, 0.357354847, -1.7507093, -1.32329764, -0.13355741, 1.0157630111, 2.1711077318, 2.3755137147, -0.75904961, -0.034447179, -1.27551532, 2.7598740589, -0.9247555, 5.23612414, 1.1270391287, 4.2210698984, -0.77267215, 2.8573727236, -0.90835244], [-0.79508594, 3.2285751036, 2.0700434576, 3.2944471961, 2.8665488746, 3.8618352537, -0.290047, 0.4250404436, 7.4558838223, 2.2853805315, 1.8364666452, 2.2425595978, 1.2268146033, 0.8637313274, 0.5170620256, 4.4743426182, 4.6385259666, 5.6121471602, -0.48141931, 1.3648516697, -0.15680369, 4.6749513131, 1.0043938011, 6.7671616115, 3.1704770179, 5.1599354872, 0.2132571176, 3.6528896705, 0.5550305329], [-0.60043288, 2.7685425595, 1.3911882278, 2.6196567611, 3.3539186244, 2.807090882, -0.32371398, -0.47655586, 7.0208634451, 2.1782424976, 0.0264268342, 0.8695513812, 0.5030449173, 1.6613888438, 0.4700427932, 2.7553722187, 3.5628465329, 4.1192974723, -0.15638844, 1.538637455, -0.20603243, 2.7242701604, 0.8814049336, 6.4293056538, 1.2986685513, 5.6850080609, -0.40233199, 2.5110278446, -0.36072592], [0.7368394616, 3.0109251607, 2.2943224061, 1.7024894992, 0.0, 0.0, 0.0, 0.0, 0.0, 0.0, 0.0, 0.7266926273, 0.0, 0.0, 2.7661804744, 4.3073714038, 4.887045269, 0.0, 0.8436477786, 1.5883587704, 0.185466702, 3.8123149885, 0.0, 6.2078573846, 1.994841291, 5.7206940465, 0.7971466823, 2.1389006957, 1.805581591], [1.433145695, 3.4982516379, 1.9831663472, 2.8990719571, 3.0941230891, 5.0920837922, 0.4406772569, 0.3205844907, 7.7508382693, 3.429270948, 0.5858705323, 1.6146045127, 0.668093645, 2.1878107327, 0.6321225936, 3.1160868287, 4.2265295385, 3.5094648679, 0.988259821, 1.0559376908, 0.2500074857, 4.4939512331, 0.998393034, 7.1769092843, 3.4270932733, 5.3700505677, 0.5370225273, 3.0783346484, -0.083771437], [-0.73264004, 1.4686596068, 0.9706432464, 1.6566916973, 2.2674512331, 2.7676773731, -0.27419497, -0.60106643, 6.4931594972, 2.0318054648, 0.3517377793, 1.4722088262, 0.6060291437, 0.5321728843, 0.7894999864, 3.0183167724, 3.1998087123, 2.8825835192, -1.03589124, 1.019665951, -0.31845434, 3.5435159236, 0.6304684205, 5.9897584495, 2.921012915, 5.4566790914, -0.30780767, 1.4299939958, -0.97216674], [0.9381571857, 2.9905837011, 1.2135625958, 2.8507693747, 3.1160360239, 4.7560776908, 0.0745684668, 1.0867328144, 6.9251198629, 1.9653160978, -0.1338128, 0.2301776152, 1.1458808877, 1.8740931124, 0.9953040212, 3.5095594913, 3.8249402637, 4.0590904168, 0.1858817496, 1.6700507332, -0.34884924, 2.9217743854, 0.0655544443, 6.670227301, 1.8932073485, 4.0091235831, 0.4708464863, 2.2752399568, 0.8200572438], [-0.22382964, 2.4506654739, 1.4053071015, 3.1738376536, 3.2362475743, 3.9983269212, -0.82419219, 0.1622386247, 7.3420795721, 1.667816437, 0.025976369, 1.6893529873, 0.1739277002, 1.8649699577, 1.177442608, 3.6591538591, 4.1997157487, 4.0774858034, 0.8681111465, 2.810518428, 0.3603722269, 4.5720550064, 0.9231869939, 6.371342332, 2.2282496996, 5.2257139545, 1.3441706816, 3.081462366, 0.5335958821], [1.4959759404, 3.2983173725, 1.5782628646, 3.1020375944, 2.8580770924, 4.687649288, -0.18686435, -0.14626769, 6.5965288877, 2.6451840689, 0.4645515127, 1.2845915025, 1.411951763, 1.8405962471, 1.4072669956, 3.6217305803, 4.7711531489, 5.0149508356, 0.4854789546, 1.7577983322, 1.4403635733, 3.8432369623, 0.3941554373, 5.6434973721, 3.3627137386, 4.8103980232, 2.3460098267, 3.6298472293, 1.2147365292], [-0.44990856, 2.706125991, 0.2197475044, 2.3071167854, 1.8223292314, 3.8331371466, -0.86939618, -0.78862727, 6.2334025081, 2.077783535, 0.5910379518, 0.174011351, -0.46128317, 1.033388602, 0.382242951, 2.8936049648, 3.9038100516, 3.8353182883, 1.1252656165, -0.27152946, -0.47881936, 2.889653076, 0.8831090086, 6.2196673243, 1.2802177546, 3.9674362919, -0.079730959, 2.4372221872, -0.49553852], [-0.41081099, 2.2029538161, 0.3190110325, 2.8885572148, 2.2157855682, 4.6711432144, -1.26611546, -0.003341585, 7.7249844267, 2.298777536, 0.4565437678, 1.5634318199, 1.4987336613, 1.9858728628, 1.4757097366, 4.8162348153, 4.3923177373, 4.2778299059, 0.6292838992, 1.3689559732, -0.24908292, 4.4719539225, 0.9746372866, 5.1888249136, 2.0274182629, 5.0988315671, 0.4614529489, 1.9852292189, 0.6401039051], [0.173341379, 2.51030341, 1.6181682645, 1.9547267816, 3.4385140639, 4.8483482499, -0.32126805, 0.7963538264, 6.8797921003, 3.5284251396, 1.763466998, 1.1194371876, 1.6001535717, 1.5455534788, 1.3216084535, 3.7028253815, 3.7372603015, 3.2804786923, 1.4521371884, 1.823951467, 0.0923918462, 3.715408937, 0.91800332, 6.6909005049, 3.1866502317, 5.7209600791, 0.436447509, 3.9159257609, -0.25801475], [0.3096151279, 2.8918655757, 1.088499946, 2.3314396958, 2.6552954533, 4.0338502986, 1.0187192238, 0.1266711903, 7.4246228475, 3.3213936092, 1.2306804988, 1.7101205712, 1.9673930243, 0.9028408189, 1.2261949656, 4.0091196154, 4.3796407393, 4.6550328365, 1.5383579351, 0.9732998845, 1.0047275909, 3.9799537872, 1.2842578262, 7.2777480651, 3.2807499863, 5.1893595769, 1.2790345071, 3.3960637027, 0.6244387365], [0.9084335899, 3.2601469875, 1.7675647202, 3.4417833668, 2.7611100576, 3.2657189201, 0.3829414543, 0.6591859795, 7.284193522, 2.9453977953, 0.9388722399, 1.6795205717, 1.1913797114, 1.0645236856, 0.9707445405, 4.5768948552, 4.4909248005, 4.5181892271, 1.5030183778, 3.4074675003, 0.4903380426, 4.3161583733, 1.6191735533, 7.362719471, 3.053445968, 3.9737606309, 1.7619530749, 4.3879736416, 0.5894374706], [1.6647588609, 2.2489787757, 1.6486920939, 3.7822587125, 3.5291859542, 4.2521954971, 0.055524156, 0.9087585167, 8.4981346968, 3.8603456207, 1.7441049322, 2.643434664, 1.244242578, 2.0783348378, 1.6537383582, 5.3073816195, 4.1688690429, 4.6930335113, 0.003552833, 2.2992512411, 0.5521100245, 3.9971064142, 2.5947300428, 7.4722456651, 2.7098035522, 4.3619634938, 0.8080347118, 3.2301123231, 0.6636410351], [0.3099140301, 2.6555719914, 0.4263181714, 3.0182966646, 3.2037064936, 3.6332213517, 0.0449045978, 1.3072217388, 7.9372345487, 3.4952253993, 1.3420701206, 1.0484174157, 1.0789273426, 0.7130991167, 1.2635661966, 3.9906102561, 4.1750100406, 4.6826921586, 0.9817064618, 0.9409182778, 0.04559854, 3.6792628711, 2.455622476, 7.0730720902, 2.0319981332, 4.6721537775, 0.8432773852, 3.0624496315, 0.2763950407], [-0.69114674, 3.4291551933, 1.7064273128, 3.5830085593, 3.3818451812, 4.2800860179, -0.07897397, -0.13679225, 7.6870343559, 3.686974628, 1.2782690107, 2.2121076792, 1.5825031028, 0.6280520658, 1.1581832605, 4.4703809032, 3.5596836208, 5.2250998982, 0.0090615628, 1.2277469931, -0.068099962, 4.0502442352, 1.2610340453, 6.2842983779, 1.9609071696, 5.2360418188, -0.19579306, 2.1481078706, 1.3077834323], [0.4567131699, 2.0101793926, 1.8330122078, 2.5672964672, 2.8644889815, 5.0871851719, 