{"c": [-67.283832988, -26.968888377, -11.237261625, -18.523166922, -2.8944155996, -47.931542825, -17.722212614, 2.45357514, -55.119054334, -67.828293769, -50.29430376, -71.616115404, -7.0119848078, -11.262552713, -22.041784855, -27.735000358, -18.216915135, -14.646391689, -20.867584106, -30.326376684, -17.06632593, -38.951650063, -19.613648897, -24.711174751, -15.936342067, -57.117435732, -8.9308020336, -9.4248450562, -8.7741867841, -17.324475051, -26.797344496, -9.3958244439, -57.406994917, -28.920318037, -31.812600805], "G_ub": [[-4.37359431, -1.37191943, -0.35417549, -0.92861936, 0.1927720437, -2.36777497, 0.7670152847, 0.9534727878, -3.20973675, -1.24774471, -0.65655592, -3.56106481, -1.13040955, -0.91171936, -0.53371514, -0.56974803, -0.13574169, -0.37637753, 1.2227247394, -0.97179967, -0.25474753, -0.025510969, -0.41050126, 0.4273018649, 0.0436651141, 0.2987398759, 1.030368751, -0.69135503, 1.7969565265, 0.0, 1.3623772848, -1.00377052, -2.23305105, -0.55732015, 0.2860629866], [-2.40885314, -0.38328268, -0.92445381, -0.95992592, 0.6384863354, -0.6352645, 1.7383917765, 0.5824680645, -3.19172386, -3.57851706, -1.12360713, -1.88174037, -0.67635217, 2.2136001534, 0.8591467366, -1.98384489, -1.2084799, 1.0919042274, -1.26422534, -1.77118337, 2.5651116541, -1.00918626, -1.26617203, 0.6803546218, 1.405129595, -3.25718106, -0.13637852, -0.56525102, 1.3294829543, 0.0, 0.2622058769, 0.1279685915, -3.22333524, -1.47687689, -0.83487197], [-1.62158092, -2.23504774, -0.025892124, -0.44038269, -0.26096391, 0.365783463, -3.0928219, 1.1148828169, -0.62602346, -1.27543868, -0.40847448, -1.33496164, -0.3200251, 0.4127962657, 0.6905089803, -0.85495734, 0.9194429786, -1.80834784, 0.355259827, 0.8603769297, -0.30167307, -2.26400062, 1.8597284028, 1.6524418934, -0.45661063, -1.74765547, 1.300908759, 2.3095293102, -0.85535956, -0.77968312, 2.1049572833, 1.6074841382, -2.27873724, -1.14255196, 0.479839674], [-1.6647323, 0.0718562859, 1.7528565224, -1.49386012, -0.33568968, -1.58763413, -0.2822976, -0.037390954, -1.81259592, -2.23722785, -1.79655384, -2.96988995, -1.97895567, -0.50920929, -3.21336525, 0.0881146168, -0.54666413, 0.3410721089, -0.73404447, -1.49877802, 0.5490162168, 0.436181494, -0.53371576, -1.62115791, -2.36683715, -2.13164837, -2.09045546, -0.46014593, 0.7915459831, -1.20282798, 0.3767994064, -0.5500752, -3.09415731, 0.3255020323, 0.9557594001], [-0.55552819, -0.96660508, 0.8173139412, 0.2130443895, 0.2261712564, -2.30854147, -0.802698, -1.18125454, -1.01938134, -1.79650147, -0.49653036, -2.3498167, -1.40840529, -0.83004805, -0.84009544, -0.045582371, -2.80261812, 0.0283458437, -0.6847357, -2.57576992, -1.80037339, -1.45843091, -1.99752929, -2.64222818, 0.6713786005, -2.682908, 0.949394595, 1.0252391542, 0.1403262352, 0.0, 1.0531254713, -0.17390271, -1.46545352, 0.2773542721, -2.95813065], [0.5789354182, 0.224042568, -0.60739534, -1.33537035, -0.36268033, -1.99622838, 1.8766840462, -1.45811729, -1.62038636, -1.92308764, -2.25421842, -1.83034131, 1.0715834433, 4.2121949784, 2.2902053016, -0.51422944, -1.36136859, -0.29092629, 0.4772974053, -0.015269637, 0.0804842534, 0.0139190285, 0.5262143563, -0.65446736, -0.67112133, -2.4154838, 1.0911620672, 0.4166940767, -2.07572117, 0.0, 1.481941785, 0.0, -0.56523334, 1.1524456371, -1.01271028], [-3.08836424, -1.6889428, -0.86088595, -2.69826676, 1.0472728654, -2.5605544, 1.4802706013, -0.96800049, -1.05887202, -2.43953697, -2.79824206, -3.21938907, -2.13675516, 0.1868560041, 0.2944554206, 0.7148125888, -3.22103911, -0.1031786, 1.492583453, -2.49509039, -0.22636484, 2.9912692206, 0.7004989231, -1.66550052, 1.4813481947, -1.33296173, 1.1070187664, 0.2889771519, -0.76918127, 0.0, 1.4204549372, -1.22548519, -2.70958958, -0.93748609, -0.81668736], [-1.44344236, -0.069403039, 0.2810955578, 0.2941414347, -1.36003582, -0.44898625, -0.008399798, -0.65175656, -3.03067786, -2.76850785, -0.71668088, -0.37207799, -0.11899669, 0.6785666277, -0.49875258, -0.58591695, -1.58938823, 0.8944764054, -2.81994725, -1.30972685, -1.46637465, -2.16688708, -0.49504531, 0.1560544828, -0.19435172, -1.51499146, -0.31884848, 0.0675091259, 0.2643393217, 0.0, 0.6755857888, 0.2613440952, -0.80316454, -0.32960104, 0.6868183456], [-2.59894368, -0.3156285, -1.1637017, -0.063562512, -0.72310005, -0.11747933, -0.93005952, -0.16010177, -1.87582068, -0.65995062, -3.56366163, -1.93723711, -0.7880618, 2.0867639255, 0.6661700992, -1.56322294, 0.6997522495, -0.88159487, -1.94796558, -4.5344024, -2.51532815, -3.06069413, -2.63086211, 0.1883232474, 0.9545795311, -0.87562043, -1.28493791, -1.17355844, 1.0415400364, 0.0, -2.3191614, -1.06083269, -3.16430767, 0.4599145531, -0.9017129], [-0.78417737, -1.33151971, -0.40712964, -0.83073059, 0.2891165971, -0.6428322, -0.67448468, 1.6964471406, -1.96585103, -3.1176746, -1.82313614, -1.889617, 0.7674179835, 1.6078876244, -1.22553591, 1.8916049381, -1.75504239, 0.3648369016, -2.2832996, -1.9779075, 0.0718116409, -0.28869191, 1.1336383392, -3.16009007, 0.7222389141, -1.97666269, 1.6602172104, -0.29063646, -0.11310004, 0.0, -0.31113046, 1.7060631233, 0.1534697287, 0.6153812902, 0.4051857589], [-1.41762507, 0.6904583749, -0.19314849, 0.3203822073, -1.39359305, -2.28698307, -0.729724, -0.43705893, -3.83224814, -2.20416298, 0.400508961, -2.75262044, 1.3359540239, -1.12488017, 0.6347756481, -0.30651753, 1.4488481914, 0.9788981394, -1.05093176, -0.69856919, -0.12164234, -1.19862897, -1.31058457, -0.18083499, -1.70427617, -1.69743955, -2.08310951, 1.468484498, 0.5795747368, -1.38563628, 0.8914439396, -0.16771519, 0.1134543882, -2.05013814, -0.21880052], [-1.6040357, 2.6319161619, -1.78269719, -0.73228887, 0.847724327, -0.80114287, -0.36679135, 0.2929883649, -2.14494845, -2.78258976, -3.0163788, -2.05594367, 1.3360906466, -1.14372119, -1.21009341, 0.1307753576, -2.04933201, 0.8300023717, 0.1996002152, -0.6426664, -0.14532971, 0.5432654121, 0.7057374582, -1.75257049, -1.68959378, -0.70402055, -0.64857883, -0.39899399, 0.0408214652, -0.27510176, 0.7892599238, 1.7357930232, -1.10932255, 1.8238875344, -1.1677323], [-3.51417284, -0.92916923, -0.62635981, -1.96992793, -0.18359796, -0.45879078, 0.2799368328, 1.0744894691, -0.95741051, -3.56068139, -2.82758862, -0.82668277, 1.5010609113, -1.70192788, -0.85685902, 0.1688723352, 1.0214632476, -1.08989841, -1.14649263, -1.19242331, -0.49590953, -0.66495277, -1.13871413, -0.39525035, 0.3877182106, -3.12284716, 1.3195714803, -1.04275492, -2.17602402, 0.0, -1.83971411, -0.94251802, -0.89616708, -1.50436732, -1.51919345], [-2.04989495, -0.77343935, 1.0093171406, -0.43031925, 0.2802274734, 0.6277235885, -1.21716164, 1.4629094731, -2.82557399, -3.35845695, -1.77344438, -2.89270371, 2.1693934846, 0.244203819, -0.49503519, 0.442585745, -2.77711882, -1.37704075, -1.97773604, 0.2969369307, -1.17168221, -1.27797862, 1.9310612472, -0.76011281, -1.56020231, -2.24016083, -1.72114618, -1.5272717, -2.01780595, 0.0, -0.39169127, -0.5962733, -3.04803703, 1.0372729653, -1.17984907], [-1.78659394, -0.10258717, -0.12489428, -0.97725978, -2.13476262, -0.15514016, -2.2026151, -1.62740692, -1.64005925, -1.97414267, -0.54149027, -0.81684831, -0.80691079, 2.9918150978, 1.9755420545, -0.55143661, 0.0920335684, 0.3832243169, -0.12515244, -1.48856574, 1.5392125807, -0.91259506, -1.06481857, -1.60453668, 3.097157879, -1.79249442, 1.09002357, -0.60257725, 0.0151556405, -2.76358955, -1.12666154, 0.6290994325, -2.80741511, 0.0615850318, -1.2956816], [-1.92027217, -1.77333016, -1.78304795, -0.71810673, -0.037222096, -0.26041192, -3.18454434, 0.3874901605, -1.55009965, -0.59532584, -1.50379074, -4.45867673, 0.4189230684, -2.36166702, -1.28272058, -0.52277957, -1.00247163, -0.14455687, 1.2184934166, -1.7708171, -1.90583479, -3.77335244, -0.67691187, -1.02122164, -0.20638276, -1.35506324, -0.39160063, -1.01114846, -1.16830411, -2.48308848, 1.2934403633, -0.34397739, -2.28446958, -2.88817864, -4.29482964], [-0.36974115, -0.64028105, 2.3104463402, 1.0003520382, 0.7113622368, 0.0583762458, -0.90478619, 0.6932369901, 