{"c": [-266.53222504, -37.290204304, -297.5814969, -265.43204708, -206.83252783, -289.67475143, -175.8658867, -195.2509194, -164.53583354, -210.6846262, -80.091856925, -111.0142088, -35.212352038, -282.9606003, -299.62768564, -285.95174232, -33.468035849, -258.72166513, -88.613828528, -258.23636874, -278.52582884, -281.19976781, -298.2054162, -158.89145893, -184.45729498, -220.49881049, -166.25591828, -255.31845087, -287.28504397, -210.04475387], "G_ub": [[-11.8118223, 0.0, -12.314553, -12.1426107, 0.0, -10.4282313, -11.4985115, -10.7144704, 0.0, 0.0, 0.0, 0.0, 0.0, -12.128081, -11.8671928, -11.129441, 0.0, -10.8654385, 0.0, -11.0752967, -11.2406785, -13.2095689, -12.2993634, 0.0, 0.0, 0.0, -11.4916955, -10.5629812, -11.6289429, 0.0], [0.0, 0.0, -3.20970831, 0.0, 0.0, -4.74300022, -4.48693001, 0.0, 0.0, -4.1191195, 0.0, 0.0, 0.0, 0.0, -5.66405692, 0.0, 0.0, 0.0, 0.0, 0.0, 0.0, -4.54765353, -4.62274577, 0.0, 0.0, -4.15662795, 0.0, 0.0, 0.0, 0.0], [0.0439804272, 0.0, -0.11524082, -0.22793593, -0.27446467, -1.3548846, 0.0771982348, 0.0, -1.75169449, 0.7178666707, -0.57781077, 0.108427339, 0.0, -1.41775825, -1.24103291, -1.06956086, -1.35464804, -0.83418388, 0.0, -0.38045285, -0.42798023, -1.75782781, -0.46004077, 0.0, -1.03565595, -0.52821214, -2.42742498, -2.07217334, -0.94165243, -1.33631848], [-0.71165701, -2.53362843, -0.47321563, -0.14985485, -1.02335785, -1.44374997, 0.0, -1.78903759, 0.5806459368, -1.28216448, 0.0, 0.0, -0.667436, -2.50763166, -1.3637804, -0.89239336, 0.0, -1.52106199, 0.0, -1.01122309, -2.78708235, -2.11896226, -1.15244693, -0.45225286, -1.11295764, -0.93556512, -1.37698752, -1.32303575, -2.469279, -1.03889207], [-11.8746263, 0.0, -11.4306988, -12.0558965, -11.4894136, -13.082658, -11.4902598, -11.852039, -11.8625165, -11.9793242, -10.8093575, -11.8245045, 0.0, -12.1448347, -12.0548759, -11.7911833, 0.0, -11.7628069, -12.2826488, -11.144543, -11.3887237, -10.7855242, -12.0547099, -10.26764, -11.2427714, -13.5842166, 0.0, -11.366672, -12.1790639, -12.4932851], [-0.72366955, -0.25477974, -0.31707643, -0.016057446, 0.0828360261, 0.0, 0.0, -1.1977989, 1.1885961291, 0.9799117222, 0.0, 0.0, 0.0, 0.0, 0.0, 0.0, 0.0, 0.0, 0.0, 0.5586830414, 0.0, 0.0, 1.706933862, 0.0, 0.0, 0.0095346834, 0.0, 0.0, 0.4435454445, 0.0], [-1.52897212, -2.10486346, -0.80857387, -1.21718526, -0.36301898, -2.72945727, 0.0356019075, -2.16165297, 0.0, -1.43744606, -2.24734642, -1.24177955, -0.56987236, -0.14609058, -1.38717894, 0.0, 0.0, -1.07617396, -1.22205977, -1.52990752, -0.83168997, -0.69492204, -1.82134392, 0.0, -2.05685359, -0.96187047, -0.3041103, -1.36149958, -1.2713163, -0.30241521], [-1.73034515, 0.0, -1.09281211, -2.16461849, -1.7554224, -2.33693716, -1.26480911, 0.0, 0.0, -1.21151313, 0.0, 0.0, -1.54589937, -2.05592178, -1.58637583, -1.32417201, -1.55836032, -0.7826118, 0.0, -0.66058107, -1.58854022, -1.30497889, -2.68044848, -3.36350451, -1.53611466, -1.74819618, -2.56956808, -0.60044354, -1.26312068, -2.86109701], [-4.70833725, -4.74752264, -4.46242644, -3.94267837, -4.82398036, -5.06454723, 0.0, -5.64335473, 0.0, 0.0, 0.0, -4.94729017, -4.23358989, -3.93784872, -3.65099661, -4.23628374, -3.1943294, 0.0, 0.0, -4.64376617, -4.75103108, -3.95526549, -4.92644676, -5.66944405, -4.64425921, 0.0, 0.0, -5.87126344, -5.02132772, -4.64241326], [-2.69183293, -2.34557432, -1.51650504, -0.47162543, -2.47211618, -0.99326513, 0.0, -1.54702436, 0.0, -2.45837502, 0.0, -1.65625455, -2.22627614, -1.90285718, -1.71592806, -2.14485894, 0.0, -0.90102326, -1.08098153, -3.04527603, -0.63446952, -1.39394009, -1.9810338, -1.91939344, -2.11060822, -1.59076125, 0.0, -1.88238974, -1.54863877, -0.91886267], [0.237525257, -0.41645111, 0.0731956126, -0.029461977, 0.6922985911, 1.0276640762, 0.0, -0.4203286, 0.5868409277, -0.13560504, 0.8282096951, 0.0, 0.788413259, -0.13888462, -0.84531324, -1.06010908, 0.0309218331, -0.62101459, 0.260729552, 1.0695888776, 0.67551316, 0.2440816128, -0.86349435, 0.9515417099, 0.5352470731, -2.17094596, 0.0, -0.62965051, -0.42561844, 1.3046252499], [-2.5709288, 0.0, -2.59367458, -1.84057278, 0.0, -2.8940651, 0.0, 0.0, 0.0, -0.31179713, 0.0, 0.0, 0.0, -1.99528858, -2.33492152, -2.08461248, -1.84916211, -2.39966959, 0.0, -1.57952003, -1.95678251, -1.46564552, 0.0, -2.91454031, -2.27146579, -2.84083718, -2.76463168, -2.792191, -0.91278389, -2.63196565], [0.0, 0.0, -6.1414884, 0.0, -6.31508437, 0.0, 0.0, 0.0, -4.60157119, -6.60563403, 0.0, 0.0, 0.0, -4.69219479, -6.12169305, -5.22584106, 0.0, -4.7129278, 0.0, 0.0, -6.85650891, 0.0, -6.021942, 0.0, 0.0, -5.83947887, 0.0, 0.0, -5.75094004, -5.31327518], [-2.13510259, 0.0, 0.1397123368, -2.29446453, -0.97175018, -2.66687491, 0.0, -1.37149344, -1.45481638, -1.55859244, -1.07193919, 0.0, -2.78789329, -1.8229749, -1.39077369, -2.07674539, -2.41990301, -1.74381526, 0.0, -0.61731818, -1.71962683, -2.27495022, -2.50414767, 0.0, -1.37123962, -1.41253228, 0.0, -2.35139321, -1.72651198, -1.63711545], [-0.69295764, 0.0, -0.33124785, 0.5906041914, -1.71880099, 0.4868680193, 0.0, -0.54074985, 0.0, 0.3665432801, 0.0, 0.0, -0.78744348, -1.06825232, -0.50977902, -0.50937145, -0.68421667, -1.22774941, 0.0, -1.02762372, -0.12353361, -1.45917234, -0.45315441, 0.0, -0.51069508, -0.45433547, -0.84225497, -0.57735414, 0.311552548, -0.4808127], [-2.48385605, -1.34374395, -0.82557057, -0.59366768, -2.11048286, -1.31474176, -1.45055162, -1.6111844, 0.0, -0.40813962, 0.0, -1.90388304, -1.38319594, -2.06358267, -1.73584052, -2.00264929, -2.2448291, -2.11668987, 0.0, -1.20662384, -0.88023622, -2.13129072, -0.53767592, 0.0, -1.07319628, -0.41790329, -1.63594219, -1.79699888, -0.94394511, -1.29258473], [-0.67420546, 0.0, -0.54042764, -0.98695641, -0.21693125, 0.0625851831, 0.0, 0.0, -0.011703899, -1.42979154, 0.0, -0.63074503, 0.0, -0.74996145, -0.08838993, -1.73205098, 0.0, -0.53775775, 0.0, -0.23146408, 0.0265813668, -0.14983504, -0.17716729, 0.0, -0.83531544, 0.4383392707, 0.0, 0.0, 0.7785197841, -0.53779926], [-0.35504648, -0.15934567, -1.63802442, -1.39794456, -0.5786165, -1.41387248, 0.0, -0.91119068, -0.31766855, -0.67588018, 0.0, -0.39365274, -1.65179574, -0.2289455, -1.37128995, -0.50429213, 0.0, -0.84912987, 0.0, -0.65220599, -1.80391743, -1.23918804, -0.51674817, -0.92101973, -1.0919222, -1.48907857, -1.21117949, -0.72477811, -0.77592355, -0.30953917], [0.0, 0.0, 0.0, 0.0, 0.0, -2.49253128, 0.0, -2.74911597, -2.71442093, -2.51349535, 0.0, 0.0, -1.66607782, 0.0, 0.0, 0.0, 0.0, 0.0, 0.0, -3.21057182, -1.74251013, -2.01193064, -0.85742896, 0.0, 0.0, 0.0, 0.0, 0.0, 0.0, 0.0], [-0.10388127, 0.0, 0.0, 0.0, 0.0, -0.94839637, 0.0, 0.0, 0.3507234847, -0.60582218, 0.0, 0.0, -0.37253398, 0.0, 0.0, 0.0, -1.14810442, -0.068691795, 0.0, 0.0, -0.43155934, 0.8128874474, -0.40751101, 0.0, -0.82379559, 0.0, 0.0, 0.0, 0.0, -1.17164157], [-2.81016724, -1.90475128, -1.37992378, -1.66064406, -0.29099578, -2.14555481, -1.23120233, -2.22813169, -1.05192771, -3.09370965, 0.0, 0.0, -0.36514719, -1.60600498, -0.64679309, -1.71670049, 0.0, -0.94004925, -1.51710612, -1.28583523, -1.95339501, -1.56104804, -0.61362608, 0.0, -1.48748984, -0.90180241, -1.40396242, -2.38540608, -1.63865499, -1.0936232], [-4.33151868, -5.94625677, -5.35576812, -5.14473452, -5.20509055, -4.7504285, 0.0, -4.40745574, 0.0, -4.77152641, 0.0, -4.19221537, -3.81870346, -3.97661575, -4.1805104, -4.81699087, -5.62412362, -4.34564266, 0.0, -5.48705146, -4.85366368, -5.96426589, -4.66338657, 0.0, -3.9651307, -4.53837291, -5.44794124, -5.58447298, -5.96275609, -6.37210684], [-0.36855377, -0.077618406, 0.0487122363, -0.75156617, 0.0, 0.0, 0.0, 0.0, 0.0, -0.48355716, 0.0, 0.6309654042, -0.50951041, 0.0, -1.03421236, 0.681141283, -0.89103498, -0.39312028, 0.0, 0.0, -0.73574631, 0.0, 0.0, 0.0, 0.3908805211, 0.0, 0.0, 0.0, -0.15418444, 0.0], [-10.4412572, 0.0, -11.2798432, -10.4726543, -11.0223153, -11.0483387, 0.0, 0.0, -9.55059501, -10.4170989, 0.0, 0.0, 0.0, -10.4719618, -10.6533323, -11.1811027, 0.0, -10.2240723, 0.0, -9.98899233, -9.47684851, -10.021132, -9.77890539, -10.3191544, 